{
  "Add User" : {
    "transaction" : "Add User",
    "sampleCount" : 1,
    "errorCount" : 1,
    "errorPct" : 100.0,
    "meanResTime" : 1119.0,
    "medianResTime" : 1119.0,
    "minResTime" : 1119.0,
    "maxResTime" : 1119.0,
    "pct1ResTime" : 1119.0,
    "pct2ResTime" : 1119.0,
    "pct3ResTime" : 1119.0,
    "throughput" : 0.8936550491510277,
    "receivedKBytesPerSec" : 0.46428172475424484,
    "sentKBytesPerSec" : 0.363047363717605
  },
  "Total" : {
    "transaction" : "Total",
    "sampleCount" : 31,
    "errorCount" : 1,
    "errorPct" : 3.2258065,
    "meanResTime" : 626.6451612903224,
    "medianResTime" : 616.0,
    "minResTime" : 241.0,
    "maxResTime" : 1403.0,
    "pct1ResTime" : 969.0,
    "pct2ResTime" : 1232.5999999999997,
    "pct3ResTime" : 1403.0,
    "throughput" : 1.2938770399432364,
    "receivedKBytesPerSec" : 14.08827645665512,
    "sentKBytesPerSec" : 0.47224229412746777
  },
  "Login" : {
    "transaction" : "Login",
    "sampleCount" : 10,
    "errorCount" : 0,
    "errorPct" : 0.0,
    "meanResTime" : 441.90000000000003,
    "medianResTime" : 341.5,
    "minResTime" : 241.0,
    "maxResTime" : 978.0,
    "pct1ResTime" : 948.1000000000001,
    "pct2ResTime" : 978.0,
    "pct3ResTime" : 978.0,
    "throughput" : 2.1929824561403506,
    "receivedKBytesPerSec" : 1.44128632127193,
    "sentKBytesPerSec" : 0.9058902138157896
  },
  "List User" : {
    "transaction" : "List User",
    "sampleCount" : 20,
    "errorCount" : 0,
    "errorPct" : 0.0,
    "meanResTime" : 694.4000000000001,
    "medianResTime" : 622.0,
    "minResTime" : 578.0,
    "maxResTime" : 1403.0,
    "pct1ResTime" : 919.8000000000003,
    "pct2ResTime" : 1379.4999999999995,
    "pct3ResTime" : 1403.0,
    "throughput" : 0.8512449457331347,
    "receivedKBytesPerSec" : 14.064661364120026,
    "sentKBytesPerSec" : 0.28845898063417746
  }
}